{"cameraMode":{"drawMode":0,"name":"Shaded","section":"Shading Mode"},"sceneLighting":false,"audioPlay":false,"sceneViewState":{"m_AlwaysRefresh":false,"showFog":true,"showSkybox":false,"showFlares":true,"showImageEffects":true,"showParticleSystems":true,"showVisualEffectGraphs":true,"m_FxEnabled":true},"in2DMode":false,"pivot":{"x":-0.024962201714515687,"y":0.6296106576919556,"z":-0.7562111616134644},"rotation":{"x":-0.08093712478876114,"y":-0.08303125202655792,"z":0.006765211001038551,"w":-0.9932295680046082},"size":0.17320801317691804,"orthographic":false}