{"cameraMode":{"drawMode":0,"name":"Shaded","section":"Shading Mode"},"sceneLighting":false,"audioPlay":false,"sceneViewState":{"m_AlwaysRefresh":false,"showFog":true,"showSkybox":false,"showFlares":true,"showImageEffects":true,"showParticleSystems":true,"showVisualEffectGraphs":true,"m_FxEnabled":true},"in2DMode":false,"pivot":{"x":0.2050277143716812,"y":-0.273038387298584,"z":0.32108747959136965},"rotation":{"x":0.27769526839256289,"y":0.061432018876075748,"z":-0.012680938467383385,"w":0.9586248993873596},"size":0.8228296637535095,"orthographic":false}