{"cameraMode":{"drawMode":0,"name":"Shaded","section":"Shading Mode"},"sceneLighting":false,"audioPlay":false,"sceneViewState":{"m_AlwaysRefresh":false,"showFog":true,"showSkybox":false,"showFlares":true,"showImageEffects":true,"showParticleSystems":true,"showVisualEffectGraphs":true,"m_FxEnabled":true},"in2DMode":false,"pivot":{"x":0.005499787628650665,"y":-0.00892937183380127,"z":0.23650571703910829},"rotation":{"x":-0.22135615348815919,"y":-0.07102204114198685,"z":0.016165846958756448,"w":-0.9724707007408142},"size":0.3638283610343933,"orthographic":false}