{"cameraMode":{"drawMode":0,"name":"Shaded","section":"Shading Mode"},"sceneLighting":false,"audioPlay":false,"sceneViewState":{"m_AlwaysRefresh":false,"showFog":true,"showSkybox":false,"showFlares":true,"showImageEffects":true,"showParticleSystems":true,"showVisualEffectGraphs":true,"m_FxEnabled":true},"in2DMode":false,"pivot":{"x":0.27142345905303957,"y":0.2544699013233185,"z":0.4579111337661743},"rotation":{"x":0.2591779828071594,"y":0.03272838890552521,"z":-0.0037065146025270225,"w":0.9652718305587769},"size":0.7620197534561157,"orthographic":false}